-- Adminer 4.8.1 MySQL 11.3.2-MariaDB-1:11.3.2+maria~ubu2204 dump

SET NAMES utf8;
SET time_zone = '+00:00';
SET foreign_key_checks = 0;
SET sql_mode = 'NO_AUTO_VALUE_ON_ZERO';

SET NAMES utf8mb4;

INSERT INTO `BANK_ACCOUNTS` (`id`, `bankName`, `bankNumber`, `bankAlias`, `created_at`, `updated_at`, `owner`, `player_id`) VALUES
('931d79c7-d2df-4a6f-8045-4f11fe00dbc9',	'albo',	'646180146003556692',	NULL,	'2024-05-06 20:03:50.213',	'2024-05-06 20:03:50.213',	'Carolina Maruzza',	'5a6df5b8-6ba7-49ac-8ea5-673c418231f6'),
('a560be45-423d-4ee0-b9d5-cc3ac327a43d',	'The Rock',	'0303030303',	NULL,	'2024-04-11 18:46:25.919',	'2024-04-11 18:46:25.919',	'Tyrion Lannister',	'49324acd-ec2b-4a05-9a1c-08f4957f5e67'),
('b6365118-c291-407d-a559-082688a2dc1d',	'hola_vengo_a_flotar',	'032180000118359719',	NULL,	'2024-05-04 15:13:16.898',	'2024-05-04 15:13:16.898',	'Alejo',	'5a6df5b8-6ba7-49ac-8ea5-673c418231f6'),
('cf2763df-1fdc-4b7e-b490-4be1eb2e2551',	'baocn',	'0202020202',	NULL,	'2024-05-02 18:01:33.136',	'2024-05-02 18:01:33.136',	'foo',	'5a6df5b8-6ba7-49ac-8ea5-673c418231f6'),
('e88e83b3-76c0-4288-8c42-89a1e83c87b4',	'hola_vengo_a_flotar',	'646180224404209392',	NULL,	'2024-05-04 15:12:46.454',	'2024-05-04 15:12:46.454',	'Carlitos',	'5a6df5b8-6ba7-49ac-8ea5-673c418231f6');

INSERT INTO `BOT_FLOWS` (`id`, `menus`, `messages`, `on_call`, `active`, `name`) VALUES
('41c060a3-c277-4c85-aebb-babf220bd97e',	'[[\"¿Con cual de estos temas podemos ayudarte?\",\"\",\"*1 - Registro y Cuenta*\",\"*2 - Carga de Creditos*\",\"*3 - Retiro de Dinero*\",\"*4 - Acerca de Nosotros*\",\"*5 - Otras consultas*\",\"\",\"_(Elige un numero)_\"],[\"👤 *REGISTRO Y CUENTA*\",\"\",\"*1 - ¿Cómo me registro?*\",\"*2 - ¿Mis datos están protegidos?*\",\"*3 - ¿Que pasa si olvido mi contraseña?*\",\"*4 - Volver atras*\",\"\",\"_(Elige un numero)_\"],[\"🎰 *CARGA DE CREDITOS:*\",\"\",\"*1 - ¿Como cargo creditos?*\",\"*2 - ¿Que medio de pago ofrecen?*\",\"*3 - ¿Cual es la carga mínima y máxima de créditos?*\",\"*4 - ¿Cuanto demora la carga de créditos?*\",\"*5 - ¿Cuantas veces puedo cargar créditos?*\",\"*6 - Volver atras*\",\"\",\"_(Elige un numero)_\"],[\"💰 *RETIRO DE DINERO:*\",\"\",\"*1 - ¿Como retiro mi dinero?*\",\"*2 - ¿Cual es el retiro minimo y máximo?*\",\"*3 - ¿Cuanto demora el retiro?*\",\"*4 - ¿Cuantos retiros puedo realizar?*\",\"*5 - Volver atras*\",\"\",\"_(Elige un numero)_\"],[\"🎰 *ACERCA DE NOSOTROS:*\",\"\",\"*1 - ¿Quienes somos?*\",\"*2 - ¿Que juegos tenemos?*\",\"*3 - ¿Donde nos encontramos?*\",\"*4 - Volver atras*\",\"\",\"_(Elige un numero)_\"],[\"🔄 *OTRAS CONSULTAS:*\",\"\",\"*1 - ¿Que sucede si hay un error en un juego?*\",\"*2 - No encuentro una opción para mi consulta*\",\"*3  - Volver atras*\",\"\",\"_(Elige un numero)_\"]]',	'[[[\"Hola 😃\",\"\",\"Bienvenido/a a *CASINO-MEX.COM* 🎰\",\"La plataforma de apuestas en línea más grande y segura de México 🇲🇽\",\"\",\"*OPEN LAS 24HS*\"],[\"Apuesta, diviértete y *gana* con:\",\"\",\"🎰 *Slots / Tragamonedas*\",\"⚽ *Apuestas Deportivas*\",\"⭕ *Ruleta*\",\"♠ *Poker*\",\"♦ *Blackjack*\",\"➕ ¡Y muchos otros juegos mas!\"]],[[\"🌟 *CREAR USUARIO*\",\"_¡Crear tu cuenta es *GRATIS* y se realiza de inmediato *las 24hs, los 365 días del año!* Unicamente necesitas desplegar el menu lateral y cargar tus datos para que comiences a disfrutar en nuestra plataforma, solo te tomara un minuto ⏱️_\",\"\",\"📝 *DATOS PERSONALES:*\",\"\",\"_Datos Obligatorios_\",\"🤠 *Nombre completo* _Obligatorio_\",\"🔐 *Contraseña* _Obligatorio_\",\"📧 *Correo electrónico* _Obligatorio_\",\"\",\"_Datos Opcionales_\",\"👤 *Nombre/s* _Opcional_\",\"👤 *Apellido/s* _Opcional_\",\"📞 *Telefono* _Opcional_\",\"🐣 *Fecha de Nacimiento* _Opcional_\",\"\",\"_*¡Bienvenido/a a la diversión instantánea!*_ 🚀🎰,\"],[\"🔒 *PROTECCION DE MIS DATOS:*\",\"\",\"La seguridad de tus datos es nuestra máxima prioridad💪\",\"\",\"Utilizamos tecnologías avanzadas de encriptación para proteger toda la información personal y financiera de nuestros jugadores. Además, cumplimos con todas las regulaciones y estándares de seguridad para garantizar la confidencialidad y protección de tus datos en todo momento.\",\"\",\"Puedes estar tranquilo sabiendo que tu privacidad está en buenas manos con nosotros🛡️.\"],[\"🔐 *OLVIDÉ MI CONTRASEÑA:*\",\"\",\"¡No te preocupes en absoluto! Si has olvidado tu contraseña, simplemente ve al menu superior de *ACCEDER/ENTRAR* y haz click sobre el texto de *_¿Ha Olvidado Su Contraseña?_* y te enviaremos una nueva por mail.\",\"\",\"*Estamos aquí para asegurarnos de que tu única preocupación sea ¡divertirte al máximo!* 🎉\"]],[[\"🎰 *COMO CARGAR CREDITOS:*\",\"\",\"Cargar créditos es sencillo! \",\"\",\"Solo desliza el menú lateral, verifica tu usuario y contraseña, ingresa cuantos pesos quieres cargar, elige la cuenta desde la que deseas transferir 💳💰 y realiza la transferencia. (Si no tienes una cuenta asociada, puedes ingresar los datos en el momento)\",\"\",\"¡Así de fácil y rápido! 🚀✨\"],[\"💰 *MEDIOS DE PAGO:*\",\"\",\"Nuestro medio de pago es por transferencia bancaria 💳🏦.\",\"\",\"Te garantizamos total seguridad en todas tus transacciones y la rapidez que necesitas para disfrutar al máximo de nuestros servicios.\",\"\",\"¡Haz tus transacciones con total confianza y comodidad!\"],[\"🎰 *CARGA MINIMA Y MAXIMA:*\",\"\",\"La carga *mínima de créditos es de $10 (MXN)*, brindándote un inicio emocionante.\",\"\",\"¡Y la carga *máxima es sin límite!* Tú decides cuánto quieres disfrutar en nuestra plataforma.🍀\",\"\",\"¡Elige la cantidad que se ajuste a tu diversión! 🚀💰\"],[\"⏱️ *DEMORA DE CARGA DE CREDITOS:*\",\"\",\"La carga es prácticamente instantánea!\",\"\",\"Una vez acreditado el pago, los créditos se añaden a tu cuenta automáticamente en el momento. \",\"\",\"stamos en línea realizando cargas las *24hs del día, los 365 días del año*, para que puedas sumergirte en la diversión sin demoras.*\",\"\",\"Listo para jugar en segundos!* 🚀💳✨\"],[\"🎰 *CARGA DE CREDITOS:*\",\"\",\"Puedes cargar créditos tantas veces como desees, ¡incluso *varias veces en el mismo día*! Nos adaptamos a tu ritmo para que disfrutes de la diversión sin límites.\",\"\",\"*¡La emoción está en tus manos!* 💳🔄✨\"]],[[\"💰 *RETIRO DE DINERO:*\",\" \",\"Retirar dinero es más fácil que nunca. Simplemente despliega el menú lateral, elige *Retirar Dinero*, selecciona la cantidad deseada y la cuenta destino.\",\"     \",\"¿No tienes cuenta destino? ¡No te preocupes! Puedes agregarla en el momento. 💳💸\",\"     \",\"¡Listo para disfrutar de tus ganancias en un abrir y cerrar de ojos! 🎉✨\"],[\"🍀*RETIRO MINIMO Y MAXIMO:*\",\" \",\"El *retiro mínimo de premios es de $40* (MXN), asegurándote que tus ganancias sean significativas.\",\" \",\"En cuanto al *retiro máximo, ¡NO HAY LIMITES!* Puedes retirar todas tus ganancias sin preocupaciones.\",\" \",\"*¡Tu éxito merece ser celebrado sin restricciones!* 🎉💸🌟\"],[\"🎰 *DEMORA DE RETIRO DE PREMIOS:*\",\" \",\"Los retiros se procesan en *menos de 24hs*. Queremos que disfrutes de tus premios rápidamente, por lo que trabajamos de manera eficiente para que tengas acceso a tus ganancias en el menor tiempo posible.\",\" \",\"*¡Tu diversión y comodidad son nuestra prioridad!* 🕒💸🌟\"],[\"💰 *CANTIDAD DE RETIROS*\",\"     \",\"Puedes retirar tus premios *una vez cada 24 horas.* Este límite asegura un manejo eficiente y seguro de tus retiros, proporcionándote la flexibilidad para disfrutar de tus ganancias de manera regular.\",\"      \",\"*¡Tu comodidad y seguridad son nuestra prioridad!* 🕒💸🔄\"]],[[\"🎰 *QUIENES SOMOS:*\",\"    \",\"Somos *CASINO-MEX.COM*, la plataforma de apuestas en línea más grande y segura de *México* 🇲🇽. Además, estamos presentes en otras increíbles ubicaciones como *Brasil* 🇧🇷, *Argentina* 🇦🇷, *Perú* 🇵🇪 y *Paraguay* 🇵🇾.\",\"  \",\"Queremos que sepas que tanto nuestra plataforma de pago como nuestra base de datos y juegos están certificados internacionalmente en *seguridad* 🔒 y *aleatoriedad* 🔀, con auditorías constantes para garantizar tu *tranquilidad y diversión*.\",\"   \",\"*¡Estamos aquí para ofrecerte la mejor experiencia de juego!* 🥳❤️\"],[\"🌟 🎰 *NUESTROS JUEGOS:*\",\"\",\"En *CASINO-MEX.COM* _La Casa de la Diversión y Emoción_ 🎉 Puedes encontrar mas de *1400 juegos*, estas son algunos de las categorias que tenemos en nuestra plataforma:\",\"\",\"- Apuestas Deportivas Programadas\",\"- Apuestas de Diversión EN VIVO\",\"- Apuestas en E-Sports\",\"- Slots / Tragamonedas\",\"- Ruleta\",\"- Ruleta en Vivo\",\"- Blackjack\",\"- Poker\",\"- Torneos\",\"- Sorteos\",\"¡Y mucho más!\",\"\",\"Es por esto somos la plataforma de apuestas más grande del país. Aquí, seguro encuentras el juego que va contigo.\",\"\",\"*¡Que empiece la diversión, compa!* 🚀🎰\"],[\"📍 *NUESTRA UBICACION:*\",\"\",\"¡Orgullosos de tener nuestros servidores y oficinas de soporte en la vibrante Ciudad de México! 🇲🇽 Esta elección no es casualidad, ya que la capital mexicana no solo es el epicentro cultural y financiero del país, sino también un punto de encuentro para amantes del entretenimiento y la emoción.\",\"\",\"Descubre la emoción del juego en la palma de tu mano con nuestra plataforma en línea, estés donde estés. 📱🎰\",\"\",\"📍https://maps.app.goo.gl/2qEj7Ve6Fw3vPDeE9\",\"\",\"¡Te esperamos para vivir la experiencia única de nuestro casino en línea! 🌟\"]],[[\"😱 *ERROR EN FUNCIONAMIENTO DE JUEGOS:*\",\"\",\"Si durante el juego ocurre algún error, como que se tilde, se cierre o se pierda la conexión a Internet, ¡no te preocupes!\",\"   \",\"Tu saldo y premios se actualizan automáticamente en nuestra base de datos *en el momento en que ocurren*.\",\"    \",\"Así podrás seguir disfrutando de la emoción del juego sin interrupciones. 😊🎰\"],[\"🔄 *OTRA CONSULTA:*\",\"\",\"Si tu consulta no se encuentra dentro de las opciones anteriores, no dudes en comunicarte al https://wa.me/<human_support_placeholder>?text=Hola.\",\"\",\"Sin embargo, ten en cuenta que nuestros agentes pueden estar ocupados con muchos mensajes. Para obtener una respuesta más rápida, envíanos un mensaje a ese número con tu usuario o correo electrónico en la parte superior y, debajo, detalla tu consulta.\",\"\",\"¡Nos pondremos en contacto contigo lo antes posible! 🚀✉️ ¡Gracias por tu comprensión! 😊\"]]]',	0,	0,	'main'),
('96997b33-6b93-4599-9c7b-55f67ad16d76',	'[]',	'[[[\"Hola 😃\",\"\",\"Estas hablando con soporte casino-mex\"],[\"Foo\",\"Bacon\"]]]',	0,	0,	'support'),
('aab29a7c-19fd-469e-a54f-5a6c6fc0efdd',	'[[\"¿Con cual de estos temas podemos ayudarte?\",\"\",\"*1 - Registro y Cuenta*\",\"*2 - Carga de Creditos*\",\"*3 - Retiro de Dinero*\",\"*4 - Acerca de Nosotros*\",\"*5 - Otras consultas*\",\"\",\"_(Elige un numero)_\"],[\"👤 *REGISTRO Y CUENTA*\",\"\",\"*1 - ¿Cómo me registro?*\",\"*2 - ¿Mis datos están protegidos?*\",\"*3 - ¿Que pasa si olvido mi contraseña?*\",\"*4 - Volver atras*\",\"\",\"_(Elige un numero)_\"],[\"🎰 *CARGA DE CREDITOS:*\",\"\",\"*1 - ¿Como cargo creditos?*\",\"*2 - ¿Que medio de pago ofrecen?*\",\"*3 - ¿Cual es la carga mínima y máxima de créditos?*\",\"*4 - ¿Cuanto demora la carga de créditos?*\",\"*5 - ¿Cuantas veces puedo cargar créditos?*\",\"*6 - Volver atras*\",\"\",\"_(Elige un numero)_\"],[\"💰 *RETIRO DE DINERO:*\",\"\",\"*1 - ¿Como retiro mi dinero?*\",\"*2 - ¿Cual es el retiro minimo y máximo?*\",\"*3 - ¿Cuanto demora el retiro?*\",\"*4 - ¿Cuantos retiros puedo realizar?*\",\"*5 - Volver atras*\",\"\",\"_(Elige un numero)_\"],[\"🎰 *ACERCA DE NOSOTROS:*\",\"\",\"*1 - ¿Quienes somos?*\",\"*2 - ¿Que juegos tenemos?*\",\"*3 - ¿Donde nos encontramos?*\",\"*4 - Volver atras*\",\"\",\"_(Elige un numero)_\"],[\"🔄 *OTRAS CONSULTAS:*\",\"\",\"*1 - ¿Que sucede si hay un error en un juego?*\",\"*2 - No encuentro una opción para mi consulta*\",\"*3  - Volver atras*\",\"\",\"_(Elige un numero)_\"]]',	'[[[\"Hola 😃\",\"\",\"Bienvenido/a a *CASINO-MEX.COM* 🎰\",\"La plataforma de apuestas en línea más grande y segura de México 🇲🇽\",\"\",\"*OPEN LAS 24HS*\"],[\"Apuesta, diviértete y *gana* con:\",\"\",\"🎰 *Slots / Tragamonedas*\",\"⚽ *Apuestas Deportivas*\",\"⭕ *Ruleta*\",\"♠ *Poker*\",\"♦ *Blackjack*\",\"➕ ¡Y muchos otros juegos mas!\"]],[[\"🌟 *CREAR USUARIO*\",\"_¡Crear tu cuenta es *GRATIS* y se realiza de inmediato *las 24hs, los 365 días del año!* Unicamente necesitas desplegar el menu lateral y cargar tus datos para que comiences a disfrutar en nuestra plataforma, solo te tomara un minuto ⏱️_\",\"\",\"📝 *DATOS PERSONALES:*\",\"\",\"_Datos Obligatorios_\",\"🤠 *Nombre completo* _Obligatorio_\",\"🔐 *Contraseña* _Obligatorio_\",\"📧 *Correo electrónico* _Obligatorio_\",\"\",\"_Datos Opcionales_\",\"👤 *Nombre/s* _Opcional_\",\"👤 *Apellido/s* _Opcional_\",\"📞 *Telefono* _Opcional_\",\"🐣 *Fecha de Nacimiento* _Opcional_\",\"\",\"_*¡Bienvenido/a a la diversión instantánea!*_ 🚀🎰,\"],[\"🔒 *PROTECCION DE MIS DATOS:*\",\"\",\"La seguridad de tus datos es nuestra máxima prioridad💪\",\"\",\"Utilizamos tecnologías avanzadas de encriptación para proteger toda la información personal y financiera de nuestros jugadores. Además, cumplimos con todas las regulaciones y estándares de seguridad para garantizar la confidencialidad y protección de tus datos en todo momento.\",\"\",\"Puedes estar tranquilo sabiendo que tu privacidad está en buenas manos con nosotros🛡️.\"],[\"🔐 *OLVIDÉ MI CONTRASEÑA:*\",\"\",\"¡No te preocupes en absoluto! Si has olvidado tu contraseña, simplemente ve al menu superior de *ACCEDER/ENTRAR* y haz click sobre el texto de *_¿Ha Olvidado Su Contraseña?_* y te enviaremos una nueva por mail.\",\"\",\"*Estamos aquí para asegurarnos de que tu única preocupación sea ¡divertirte al máximo!* 🎉\"]],[[\"🎰 *COMO CARGAR CREDITOS:*\",\"\",\"Cargar créditos es sencillo! \",\"\",\"Solo desliza el menú lateral, verifica tu usuario y contraseña, ingresa cuantos pesos quieres cargar, elige la cuenta desde la que deseas transferir 💳💰 y realiza la transferencia. (Si no tienes una cuenta asociada, puedes ingresar los datos en el momento)\",\"\",\"¡Así de fácil y rápido! 🚀✨\"],[\"💰 *MEDIOS DE PAGO:*\",\"\",\"Nuestro medio de pago es por transferencia bancaria 💳🏦.\",\"\",\"Te garantizamos total seguridad en todas tus transacciones y la rapidez que necesitas para disfrutar al máximo de nuestros servicios.\",\"\",\"¡Haz tus transacciones con total confianza y comodidad!\"],[\"🎰 *CARGA MINIMA Y MAXIMA:*\",\"\",\"La carga *mínima de créditos es de $10 (MXN)*, brindándote un inicio emocionante.\",\"\",\"¡Y la carga *máxima es sin límite!* Tú decides cuánto quieres disfrutar en nuestra plataforma.🍀\",\"\",\"¡Elige la cantidad que se ajuste a tu diversión! 🚀💰\"],[\"⏱️ *DEMORA DE CARGA DE CREDITOS:*\",\"\",\"La carga es prácticamente instantánea!\",\"\",\"Una vez acreditado el pago, los créditos se añaden a tu cuenta automáticamente en el momento. \",\"\",\"stamos en línea realizando cargas las *24hs del día, los 365 días del año*, para que puedas sumergirte en la diversión sin demoras.*\",\"\",\"Listo para jugar en segundos!* 🚀💳✨\"],[\"🎰 *CARGA DE CREDITOS:*\",\"\",\"Puedes cargar créditos tantas veces como desees, ¡incluso *varias veces en el mismo día*! Nos adaptamos a tu ritmo para que disfrutes de la diversión sin límites.\",\"\",\"*¡La emoción está en tus manos!* 💳🔄✨\"]],[[\"💰 *RETIRO DE DINERO:*\",\" \",\"Retirar dinero es más fácil que nunca. Simplemente despliega el menú lateral, elige *Retirar Dinero*, selecciona la cantidad deseada y la cuenta destino.\",\"     \",\"¿No tienes cuenta destino? ¡No te preocupes! Puedes agregarla en el momento. 💳💸\",\"     \",\"¡Listo para disfrutar de tus ganancias en un abrir y cerrar de ojos! 🎉✨\"],[\"🍀*RETIRO MINIMO Y MAXIMO:*\",\" \",\"El *retiro mínimo de premios es de $40* (MXN), asegurándote que tus ganancias sean significativas.\",\" \",\"En cuanto al *retiro máximo, ¡NO HAY LIMITES!* Puedes retirar todas tus ganancias sin preocupaciones.\",\" \",\"*¡Tu éxito merece ser celebrado sin restricciones!* 🎉💸🌟\"],[\"🎰 *DEMORA DE RETIRO DE PREMIOS:*\",\" \",\"Los retiros se procesan en *menos de 24hs*. Queremos que disfrutes de tus premios rápidamente, por lo que trabajamos de manera eficiente para que tengas acceso a tus ganancias en el menor tiempo posible.\",\" \",\"*¡Tu diversión y comodidad son nuestra prioridad!* 🕒💸🌟\"],[\"💰 *CANTIDAD DE RETIROS*\",\"     \",\"Puedes retirar tus premios *una vez cada 24 horas.* Este límite asegura un manejo eficiente y seguro de tus retiros, proporcionándote la flexibilidad para disfrutar de tus ganancias de manera regular.\",\"      \",\"*¡Tu comodidad y seguridad son nuestra prioridad!* 🕒💸🔄\"]],[[\"🎰 *QUIENES SOMOS:*\",\"    \",\"Somos *CASINO-MEX.COM*, la plataforma de apuestas en línea más grande y segura de *México* 🇲🇽. Además, estamos presentes en otras increíbles ubicaciones como *Brasil* 🇧🇷, *Argentina* 🇦🇷, *Perú* 🇵🇪 y *Paraguay* 🇵🇾.\",\"  \",\"Queremos que sepas que tanto nuestra plataforma de pago como nuestra base de datos y juegos están certificados internacionalmente en *seguridad* 🔒 y *aleatoriedad* 🔀, con auditorías constantes para garantizar tu *tranquilidad y diversión*.\",\"   \",\"*¡Estamos aquí para ofrecerte la mejor experiencia de juego!* 🥳❤️\"],[\"🌟 🎰 *NUESTROS JUEGOS:*\",\"\",\"En *CASINO-MEX.COM* _La Casa de la Diversión y Emoción_ 🎉 Puedes encontrar mas de *1400 juegos*, estas son algunos de las categorias que tenemos en nuestra plataforma:\",\"\",\"- Apuestas Deportivas Programadas\",\"- Apuestas de Diversión EN VIVO\",\"- Apuestas en E-Sports\",\"- Slots / Tragamonedas\",\"- Ruleta\",\"- Ruleta en Vivo\",\"- Blackjack\",\"- Poker\",\"- Torneos\",\"- Sorteos\",\"¡Y mucho más!\",\"\",\"Es por esto somos la plataforma de apuestas más grande del país. Aquí, seguro encuentras el juego que va contigo.\",\"\",\"*¡Que empiece la diversión, compa!* 🚀🎰\"],[\"📍 *NUESTRA UBICACION:*\",\"\",\"¡Orgullosos de tener nuestros servidores y oficinas de soporte en la vibrante Ciudad de México! 🇲🇽 Esta elección no es casualidad, ya que la capital mexicana no solo es el epicentro cultural y financiero del país, sino también un punto de encuentro para amantes del entretenimiento y la emoción.\",\"\",\"Descubre la emoción del juego en la palma de tu mano con nuestra plataforma en línea, estés donde estés. 📱🎰\",\"\",\"📍https://maps.app.goo.gl/2qEj7Ve6Fw3vPDeE9\",\"\",\"¡Te esperamos para vivir la experiencia única de nuestro casino en línea! 🌟\"]],[[\"😱 *ERROR EN FUNCIONAMIENTO DE JUEGOS:*\",\"\",\"Si durante el juego ocurre algún error, como que se tilde, se cierre o se pierda la conexión a Internet, ¡no te preocupes!\",\"   \",\"Tu saldo y premios se actualizan automáticamente en nuestra base de datos *en el momento en que ocurren*.\",\"    \",\"Así podrás seguir disfrutando de la emoción del juego sin interrupciones. 😊🎰\"],[\"🔄 *OTRA CONSULTA:*\",\"\",\"Si tu consulta no se encuentra dentro de las opciones anteriores, no dudes en comunicarte al https://wa.me/<human_support_placeholder>?text=Hola,%20tengo%20una%20consulta.\",\"\",\"Sin embargo, ten en cuenta que nuestros agentes pueden estar ocupados con muchos mensajes. Para obtener una respuesta más rápida, envíanos un mensaje a ese número con tu usuario o correo electrónico en la parte superior y, debajo, detalla tu consulta.\",\"\",\"¡Nos pondremos en contacto contigo lo antes posible! 🚀✉️ ¡Gracias por tu comprensión! 😊\"]]]',	1,	1,	'main'),
('ee2b2e89-e7c1-4f29-a839-979c56b62665',	'[]',	'[[[\"Bienvenido a Casino-Mex, el casino online mas grande de México 🇮🇹!\",\"\",\"En tan solo un minuto puedes registrarte de forma gratuita y comenzar a ganar divirtiendote!\",\"\",\"*COMIENZA A GANAR YA!*\",\"👉 https://casino-mex.com 👈\"]]]',	0,	0,	'ad');

INSERT INTO `DEPOSITS` (`id`, `player_id`, `created_at`, `updated_at`, `currency`, `dirty`, `status`, `tracking_number`, `amount`) VALUES
('13e4c9af-a022-40db-a8f4-b739f99b2227',	'5a6df5b8-6ba7-49ac-8ea5-673c418231f6',	'2024-05-02 18:02:26.814',	'2024-05-02 18:02:26.814',	'MXN',	1,	'pending',	'test_tracking_number21714672945506',	NULL),
('16b77da3-565a-4423-a681-0e592966ed13',	'1c759b43-8059-436f-80be-5cdcb2d3d40b',	'2024-05-08 17:07:44.017',	'2024-05-08 17:07:44.017',	'MXN',	1,	'pending',	'53771ALBO11032024195558814',	NULL),
('401a87e3-92b8-4536-995b-7c99aadbb02f',	'5a6df5b8-6ba7-49ac-8ea5-673c418231f6',	'2024-05-02 19:08:17.609',	'2024-05-02 19:11:29.942',	'MXN',	0,	'pending',	'test_tracking_number0000',	NULL),
('60e63706-6d1f-451a-9aca-bf40c887e25d',	'5a6df5b8-6ba7-49ac-8ea5-673c418231f6',	'2024-05-08 13:41:26.546',	'2024-05-08 17:07:32.090',	'MXN',	0,	'completed',	'COMPROPAGO2024032818171338231',	50),
('b0b80947-f34c-4eff-84b0-37dc76bd9f0b',	'49324acd-ec2b-4a05-9a1c-08f4957f5e67',	'2024-04-11 18:46:42.074',	'2024-04-11 18:46:44.338',	'MXN',	0,	'pending',	'12345',	NULL),
('f6b39964-2e99-450c-a37a-c0fc7126f74a',	'5a6df5b8-6ba7-49ac-8ea5-673c418231f6',	'2024-05-02 18:17:27.223',	'2024-05-02 18:17:27.223',	'MXN',	1,	'pending',	'test_tracking_number21714673845688',	NULL);

INSERT INTO `PASSWORD_RESET_TOKENS` (`id`, `token`, `player_id`, `expires_at`, `created_at`, `updated_at`) VALUES
('36bef5df-2ea4-4337-a95c-88a75f6130d9',	'uM5m-KFOStKi4RrxI8ubvQzo9Areyo5K7RbBU0dpPijzVIPlKKNSDkcpHbfXvZZ0OoC8m75FpUa7746qAGQr1KsoA06q2QE_HCzEiqvQXeTO2yLdx7EnRUkPwW7_lvz5WRW2i9Pee9dFr0f4zyrmPxkKZfUA3ESBCGxyxPGdaP8IImNhxD6p9L2k2Af2-5xy3wus_fYNsyElsJjxO8pSpmdo1lGo3UQHE2jrhK-niPAucelvgaPSnpRTzmcPPLM5SLmfP1dlv-fuWEXL-RAcPNmhVOLkBFMUh9DvA9Y3jXQH564PgGklankqb4UKaQC10w9Y5F8GQqFJFVsIXPkQSA',	'5a6df5b8-6ba7-49ac-8ea5-673c418231f6',	'2024-04-29 19:58:13.993',	'2024-04-29 19:48:13.997',	'2024-04-29 19:48:13.997'),
('44d55614-b688-40f1-bcbb-25c5c30d9773',	'68vF7r58esvgC85vQ9UgonPvu2iOPHdt9NXMqAIhmcQ36Qrdu4SMJ43LTBdP4jsVxXGAOIZWQ3E16v9486zndT0zah8c3-arnzfVn5CUQcSO2zAuiaGJmLDP_FjP5kaKlSDRYeiWPLNYtv4mrDflrC7_Uqi0RW79Lq18Z1uu51bEH1bNvgaFbdFy2ASj6BGV_cSSWgZMz7M-qzBOONXGaFj9IyJe3N367QhUxRRHPnCwMEOh8NKEu7lHnBboHBQoU3-CGeC6QfMChyeEQKqTHBSRUVZ-Ql-FZ1ZmAx9kUJeIA4J3izc2HeJckSLZjjh_xECWMmEsh25-NbpbZhJdzg',	'5a6df5b8-6ba7-49ac-8ea5-673c418231f6',	'2024-04-29 20:01:50.285',	'2024-04-29 19:51:50.288',	'2024-04-29 19:51:50.288'),
('60d12e05-75bf-4201-a557-471c6bec77ea',	'GgJfMlnW52KsfA6PB31rzK0LykoDx7Rusohpk1IyJojNWzrTMeEY6lALpnPZu5gfQyxTsoTnl4XrD0TELS91fGR2iiWFQTez2sfdS7xc7hLRHtgjmAiOt555uvXS1JSC8cDVURW5iQYr37HtDd8zp07Rb7qKNTncLQmyxGI9X451qilLpGPSCQS-dlkHvZDxAOBQXZiIVRWQy9Hth9mKPL5rHHh78k8Kq_CNvFTt0ReEgZ-agdkgGANwVwctuN24dNQoVXf0JScyL2e85fVvBTDAv7zkY_XHp9S9_Hv7MXCbFhN7TqqVufAlcHL6UI3LPAtyzzA_ELi6WpNNjYCOWg',	'5a6df5b8-6ba7-49ac-8ea5-673c418231f6',	'2024-04-29 19:55:56.796',	'2024-04-29 19:45:56.799',	'2024-04-29 19:45:56.799'),
('8cfabfa7-dbea-49ad-95c4-bd417c64dbc8',	'EoGbcfM_kyw_LlerlTdJCdYYLPNy2gTLrTOyePEboHyFJTsCkCos3W7Q3cP-IaESxeedD4CwxHvArOUWczJWvCnyq1Vzsz3QBILg4LkztUTsME91t8rIK-2U7OCez-1s6ovkjGUSCDzqzidTjz9UO-nWJMP1J6SRcM7REUjNYNLlR0XbutxrmsCxKR3lpUfmCPqrR7x3ezFvdr81LYnXNgIBsU07RyNic6bWM7JF4EJKXOZ61OgIX1tXYY5fQhRrZIT4SL7t9OIeq3DaAzEcUv1Z7gERcztSZiMxC_5q1Ax7Jqa0yXHcIWao3hada_nJOwai1gCsw7FLArCk6zfbHQ',	'5a6df5b8-6ba7-49ac-8ea5-673c418231f6',	'2024-04-30 17:56:36.370',	'2024-04-30 17:46:36.373',	'2024-04-30 17:46:36.373'),
('8de91d11-5738-42d9-b5bc-5b080447854e',	'jAOEcUlllaFY2461tLw8qGuLXpANVO4NG2LWnGNrv2epjJLFq03POYet--ccq9pFZJDiMcupawlcfbw2MbnwUfDy3xzuVEW_blmJFXj0aqd7ldnXk4wpPBzWhqQrWCmX3sDcM3UMqKENDeLz-ITbS0dckv3gfYVaZ0q7Ah_GOPaSGqr7cXOAcjWwyXDdtnPIh06ya__QoWB8g7Lb3hDTmZUNU_GTOIOenM95ArlbrOpawmic4GtjfipjPAtJg4RrT7g4Oa7hdrM-ld6-ww8P01m2OMWICjwo2jcUMxF_V13wjoXeyJOcCS2bEiOfxtAVYePlP4GLS2GWMFoGJ4IJXQ',	'5a6df5b8-6ba7-49ac-8ea5-673c418231f6',	'2024-04-29 20:08:02.918',	'2024-04-29 19:58:02.921',	'2024-04-29 19:58:02.921'),
('9361dcfd-92b5-45ec-8d7b-f27edcdd6e47',	'Ic7x3FjnmQdEEbvBZyDa-qKFt2Nh2W7lgt3TTNv0LnJHtTHNbuOuylZXX4oHCj3XlBB5s7q7E6iRN6oClJ8st_fdYYy7IdwfBM2myEvWGf1h6PkZc52OQn6x0eBBhPjsBwhFrf9Gvxtq8iEDvhU3UC8m2HVj44TePfjmp9Kx_KMH64itDss0GBmkDo37ScPFpbKfysQLvBgbAaDWcDVaFw5zJqNAUtoWjQH0B_R3-B_uuofhG-lokCNH9QLqr90dSrfMUVZzpDD4mpPsIt9ioRG2OXGJ2RQtCparzU8wzJgr3168FlzUqF2j4WTeOOg2siRtlQOY0NU3tSjEC41p1A',	'5a6df5b8-6ba7-49ac-8ea5-673c418231f6',	'2024-04-29 20:04:51.288',	'2024-04-29 19:54:51.291',	'2024-04-29 19:54:51.291'),
('a4528933-e0b7-46e7-babf-dd29644f645c',	'5siN-_E9MfE1D1iwm0Lc2e7thfNOnS0l3BxlSVX7oi3v433i9wZ27dhX04EdlwoN24njilJwceGbmfcs5er5pvy_CPrBEke35mTsjEzkBFtVQ6lc124XjEZ86udAsWHABastRkxeVXiy7T8h4ISpINsSJTWqgPfcHprUN_5iGDtgxMAlfXl_mA1Bts1s6b8pThR5Euo1tYFFTL5_cTRf5J-dzgHbgD9pm68o0WpbyorS2lnMgUY2MmaEFi3EQLi6LQ9bfrL_CoI86JMg8zrzP8JsmmO8f_8eWd4SSCf0VBcWIw5GCznigzHbU4A6aYAPzIfvz3nV0r5gPBS_7G9dNA',	'5a6df5b8-6ba7-49ac-8ea5-673c418231f6',	'2024-04-29 21:13:40.881',	'2024-04-29 21:03:40.884',	'2024-04-29 21:03:40.884'),
('a9bc3ff4-6979-4d02-9852-e986e725a044',	'ie6nAwivmDX_qW64xJOjUm6Gg_T79WxZF5ri1RPU0Z4lEp3VBD_XeetypW_32gba74L0xNUW1N_dVkdVRjXvwFPjp8TgRRaIOpkLop7afCHMFdIlyBTNnKa1C83bVNsneWSU1vferrCljbhiCCUhx2ut1DuVCIHqk0moZ_gsrAyIs5fIdsNGLn9pVOJ1p-jl5SNTLO4Ce1Kq47ACVT71gxoHpSWFxiUzDnZkYJzDQir8pr45yC-58TNSK0P61Ts-hCyRD4Akiyw-MWjzNgKxJtvgNvCJNWkEcDsCg1V1GPeB40Z9gdj4Q4_YF8B1SMDSZZ_TrsyG5HesFOS3IgRVJg',	'5a6df5b8-6ba7-49ac-8ea5-673c418231f6',	'2024-04-29 20:00:30.773',	'2024-04-29 19:50:30.775',	'2024-04-29 19:50:30.775'),
('d5c248f9-3ba1-4cc4-a320-85ce1b3b52c7',	'2L5p_QYh9lXZtTdgq1vfUQ9nPCFCCzoQXHgA5pUxinTDrWvjYls1JsdZWHScZDZBcPycjKFN8HpU_IZvOwK51MDqY1E0-k9ZsiuqT-mS_WYxcKVxoeR4AOWskNWRTTgbdzalJxkEvabnSXsYAIv1t1-qPvvuDLAWkh9AT_nnX1k6Sy0dEyj5rpHtseIIxQE0CEqdLaihgnm-knF_tUYjhtnGG6AXE5ASodrZiHlb6iAdO4EXW9FALOoDAnK5NlS5H68m9A2CBGtLkRkq76wJ4EyecrGZbrpeESe2doXgE9I7s8hS5GZbF4nBaXgsyilRRofwCgExUPsmJKGiroN3Ag',	'5a6df5b8-6ba7-49ac-8ea5-673c418231f6',	'2024-04-29 19:55:57.916',	'2024-04-29 19:45:57.919',	'2024-04-29 19:45:57.919'),
('dff06fdb-0c5e-4f19-958c-2678b9c54321',	'Hx6eaRUvGDxPVUz6ieWB4R4R-AxXKoTe3BLI8XW6WnAcKzeShneqh7tfKadPyiZCTToiglnJFY9TZo8gj4npJq8Oov_JMUbfrfmsDJboWOIeSL-3bK3Pjq21Ei2MWRUtjvlvXbKz1OBXd4LihHqlMTBvr58k1ZJFIVRG5MQMso--yTJbFVhLFwEO4gvxAHRt6rVlDL7ADt_0G6dQnEgvQqw4J3RQL-wrBgciQ2biR1-bBVMRlNpjq7eUcXEFU_FresMv1e8PO6agg0mvvCSkCnoMXpyuXPKbLJehZmH3gM3m3LxZNDBBPB8e1B33HIcOlaOUyGa9fgGaJkcq3oj_8A',	'5a6df5b8-6ba7-49ac-8ea5-673c418231f6',	'2024-04-29 20:03:48.487',	'2024-04-29 19:53:48.490',	'2024-04-29 19:53:48.490');

INSERT INTO `PAYMENTS` (`id`, `player_id`, `amount`, `created_at`, `updated_at`, `bank_account`, `currency`, `status`, `dirty`, `alquimia_id`) VALUES
('1f475591-2ff2-49c2-9de7-f1cb26dffc80',	'5a6df5b8-6ba7-49ac-8ea5-673c418231f6',	60,	'2024-05-08 13:47:02.899',	'2024-05-08 13:55:21.604',	'931d79c7-d2df-4a6f-8045-4f11fe00dbc9',	'MXN',	'PEDIDO',	0,	NULL),
('94907c09-084c-11ef-ba2b-0242ac180002',	'5a6df5b8-6ba7-49ac-8ea5-673c418231f6',	10,	'2024-05-07 15:02:56.000',	'2024-05-08 12:49:37.180',	'931d79c7-d2df-4a6f-8045-4f11fe00dbc9',	'MXN',	'PENDIENTE RESPUESTA PROVEEDOR',	0,	7388722),
('ee534e4f-4ade-46d1-9265-4ece41114300',	'49324acd-ec2b-4a05-9a1c-08f4957f5e67',	0.01,	'2024-05-08 17:07:37.228',	'2024-05-08 17:07:37.228',	'a560be45-423d-4ee0-b9d5-cc3ac327a43d',	'MXN',	'PEDIDO',	0,	NULL),
('f2f1eef9-ff42-480e-bdf8-efbc4f93845f',	'5a6df5b8-6ba7-49ac-8ea5-673c418231f6',	10,	'2024-05-07 13:10:18.707',	'2024-05-08 12:27:23.831',	'931d79c7-d2df-4a6f-8045-4f11fe00dbc9',	'MXN',	'LIQUIDADA',	0,	7388577);

INSERT INTO `PLAYERS` (`id`, `panel_id`, `username`, `password`, `email`, `first_name`, `last_name`, `date_of_birth`, `movile_number`, `country`, `balance_currency`, `status`, `created_at`, `updated_at`) VALUES
('1c759b43-8059-436f-80be-5cdcb2d3d40b',	8649,	'jest_test1714759205941',	'$2b$10$/Lte5QNNwDITAF47btn8P.iZPDolrgf3ks3iS3s9LOaRYXgJx5NeS',	'jest_test1714759205941@test.com',	NULL,	NULL,	NULL,	NULL,	NULL,	'MXN',	'ACTIVO',	'2024-05-03 18:00:08.757',	'2024-05-03 18:00:08.757'),
('49324acd-ec2b-4a05-9a1c-08f4957f5e67',	3859,	'test17',	'$2b$10$UXa9XEaKmPgBJnKR39o0kuV1.I8Zmv9GaPl.ClNvEsZjF150bskES',	'test17@example.com',	NULL,	NULL,	NULL,	NULL,	NULL,	'MXN',	'ACTIVO',	'2024-04-11 14:50:31.175',	'2024-04-11 14:50:31.175'),
('5a6df5b8-6ba7-49ac-8ea5-673c418231f6',	3900,	'test19',	'$2b$10$LVQt8coAE19btuBOEQRLHurfJU4/ifQv9sRM/np3gm4tEwhf/5xay',	'alvarezrrj@gmail.com',	NULL,	NULL,	NULL,	NULL,	NULL,	'MXN',	'ACTIVO',	'2024-04-29 19:24:16.670',	'2024-04-29 19:24:16.670'),
('7b650640-d90b-46cb-b65d-8af64790a50c',	8662,	'jest_test1715110883775',	'$2b$10$tS5I8LbVQcRFry3i/e6XVOliLVdXKyIawhhwLXJ3wIbbPQ4A6JE1u',	'jest_test1715110883775@test.com',	NULL,	NULL,	NULL,	NULL,	NULL,	'MXN',	'ACTIVO',	'2024-05-07 19:41:26.739',	'2024-05-07 19:41:26.739'),
('a83db24d-13c5-46cc-aa3f-4041e68fea70',	414,	'cmex-admin',	'$2b$10$DrIRVD61/0YnRMHkPL9TeOTb9uUvAcNYZvAJg9GaKgcOTqdwOM7si',	'hello@example.com',	NULL,	NULL,	NULL,	NULL,	NULL,	'MXN',	'ACTIVO',	'2024-04-09 17:26:18.627',	'2024-04-23 14:56:36.347'),
('e95f711a-b650-4fe2-a260-8fb7f59931ea',	8663,	'jest_test1715188045647',	'$2b$10$l5BnD/p48L0aqlHbnEtWNOM368l3dsnnRJdh8Tgk0ophWwyF5oy7C',	'jest_test1715188045647@test.com',	NULL,	NULL,	NULL,	NULL,	NULL,	'MXN',	'ACTIVO',	'2024-05-08 17:07:28.540',	'2024-05-08 17:07:28.540');

INSERT INTO `ROLES` (`id`, `name`) VALUES
('292a6d46-3967-442a-a62c-977f95fb48e8',	'agent'),
('a10bbcab-e8b3-41e2-b1b2-d88469fd1195',	'player');

INSERT INTO `TOKENS` (`id`, `invalid`, `next`, `player_id`, `created_at`, `updated_at`, `user_agent`) VALUES
('00a5c3ae-bf3a-4c17-9c27-bced12742a25',	1,	NULL,	'5a6df5b8-6ba7-49ac-8ea5-673c418231f6',	'2024-05-07 12:51:06.086',	'2024-05-08 17:07:42.307',	'curl/7.81.0'),
('01c7813b-5cd2-4293-be5d-785aaf77f510',	1,	NULL,	'5a6df5b8-6ba7-49ac-8ea5-673c418231f6',	'2024-05-02 17:57:28.445',	'2024-05-08 17:07:42.307',	NULL),
('08d01437-bfed-4330-b2d6-eb9e54409f9c',	1,	NULL,	'e95f711a-b650-4fe2-a260-8fb7f59931ea',	'2024-05-08 17:07:28.549',	'2024-05-08 17:07:29.088',	NULL),
('1d3e7200-f1b1-4e69-b444-cf6675e4d0a6',	1,	NULL,	'5a6df5b8-6ba7-49ac-8ea5-673c418231f6',	'2024-04-29 19:24:16.689',	'2024-05-08 17:07:42.307',	'curl/7.81.0'),
('30b22351-a7c7-4c64-8f74-8bc5e5334cc3',	1,	NULL,	'5a6df5b8-6ba7-49ac-8ea5-673c418231f6',	'2024-05-07 19:50:54.882',	'2024-05-08 17:07:42.307',	NULL),
('39755098-7f21-4520-96dc-e74d2bfad243',	1,	NULL,	'5a6df5b8-6ba7-49ac-8ea5-673c418231f6',	'2024-05-02 18:00:32.901',	'2024-05-08 17:07:42.307',	'curl/7.81.0'),
('426a293a-c7c4-43c6-ae92-534e38002c87',	0,	NULL,	'a83db24d-13c5-46cc-aa3f-4041e68fea70',	'2024-05-08 17:15:10.210',	'2024-05-08 17:15:10.210',	'jest_test'),
('60dd2068-f8a6-4a87-b9f9-2f40a413b495',	1,	NULL,	'5a6df5b8-6ba7-49ac-8ea5-673c418231f6',	'2024-05-02 20:48:05.858',	'2024-05-08 17:07:42.307',	NULL),
('69bdeaf3-726e-4fb2-84a7-8c104145dfe7',	1,	NULL,	'5a6df5b8-6ba7-49ac-8ea5-673c418231f6',	'2024-05-02 19:40:25.504',	'2024-05-08 17:07:42.307',	NULL),
('6d14d0a2-3344-4d5d-b8c5-8fc0a73d7bf9',	1,	NULL,	'7b650640-d90b-46cb-b65d-8af64790a50c',	'2024-05-07 19:41:26.748',	'2024-05-07 19:41:27.241',	NULL),
('73afcf1a-e752-4aa1-bf1e-7c2858d7aef2',	1,	NULL,	'5a6df5b8-6ba7-49ac-8ea5-673c418231f6',	'2024-05-03 13:15:56.867',	'2024-05-08 17:07:42.307',	'curl/7.81.0'),
('7d400b2d-a156-40cb-ab9b-d8aba06658cb',	0,	NULL,	'5a6df5b8-6ba7-49ac-8ea5-673c418231f6',	'2024-05-08 17:07:42.319',	'2024-05-08 17:07:42.319',	NULL),
('89d2ae6f-2efe-4ee5-9570-2faa95f3cfde',	1,	NULL,	'5a6df5b8-6ba7-49ac-8ea5-673c418231f6',	'2024-05-02 19:32:37.220',	'2024-05-08 17:07:42.307',	NULL),
('8c442515-e1ca-4039-b10b-254b67338f65',	1,	NULL,	'5a6df5b8-6ba7-49ac-8ea5-673c418231f6',	'2024-05-02 18:17:49.449',	'2024-05-08 17:07:42.307',	NULL),
('9216d4f7-6796-4af3-9912-28e8fa979060',	1,	NULL,	'5a6df5b8-6ba7-49ac-8ea5-673c418231f6',	'2024-05-07 13:08:21.865',	'2024-05-08 17:07:42.307',	'curl/7.81.0'),
('92e8712e-5e5a-459b-ae68-1ea1f80e8a67',	0,	NULL,	'e95f711a-b650-4fe2-a260-8fb7f59931ea',	'2024-05-08 17:07:29.101',	'2024-05-08 17:07:29.101',	NULL),
('a4fc2360-f37d-4b99-b15f-2ea7ca1788ba',	1,	NULL,	'a83db24d-13c5-46cc-aa3f-4041e68fea70',	'2024-05-08 17:10:39.675',	'2024-05-08 17:15:10.208',	'jest_test'),
('aaf1869a-b130-4f90-9950-c6dd92657f87',	1,	NULL,	'5a6df5b8-6ba7-49ac-8ea5-673c418231f6',	'2024-05-04 15:09:45.717',	'2024-05-08 17:07:42.307',	'curl/7.81.0'),
('afbcf6dc-a5ef-4aaf-8af0-31baaa4fa9f8',	1,	NULL,	'5a6df5b8-6ba7-49ac-8ea5-673c418231f6',	'2024-05-07 19:41:28.458',	'2024-05-08 17:07:42.307',	NULL),
('b05d88fc-6092-44a7-bfad-e58eff2ae38f',	1,	NULL,	'5a6df5b8-6ba7-49ac-8ea5-673c418231f6',	'2024-05-02 18:29:16.305',	'2024-05-08 17:07:42.307',	'curl/7.81.0'),
('b083ead6-c3ca-4683-8f61-c01733fc2804',	0,	NULL,	'7b650640-d90b-46cb-b65d-8af64790a50c',	'2024-05-07 19:41:27.255',	'2024-05-07 19:41:27.255',	NULL),
('b21dd286-667a-4b14-bca8-576652ee1038',	1,	NULL,	'5a6df5b8-6ba7-49ac-8ea5-673c418231f6',	'2024-05-06 20:00:03.935',	'2024-05-08 17:07:42.307',	'curl/7.81.0'),
('bcdc6098-faae-4d7f-8c7f-3d59187d612d',	1,	NULL,	'5a6df5b8-6ba7-49ac-8ea5-673c418231f6',	'2024-05-02 18:55:44.684',	'2024-05-08 17:07:42.307',	'curl/7.81.0'),
('cb2f9121-301e-4050-a85b-5edde0fcf907',	1,	NULL,	'5a6df5b8-6ba7-49ac-8ea5-673c418231f6',	'2024-05-03 18:00:18.907',	'2024-05-08 17:07:42.307',	NULL),
('cb41f10e-c35b-45c2-bd2a-171aff7ce25d',	1,	NULL,	'5a6df5b8-6ba7-49ac-8ea5-673c418231f6',	'2024-05-02 19:08:06.437',	'2024-05-08 17:07:42.307',	'curl/7.81.0'),
('cd44abff-97c9-47af-9d6f-631003d5403f',	0,	NULL,	'1c759b43-8059-436f-80be-5cdcb2d3d40b',	'2024-05-03 18:00:09.276',	'2024-05-03 18:00:09.276',	NULL),
('d076a3c9-1c14-4bdd-a51a-d9068f7ce051',	1,	NULL,	'1c759b43-8059-436f-80be-5cdcb2d3d40b',	'2024-05-03 18:00:08.767',	'2024-05-03 18:00:09.266',	NULL),
('d592ace2-71b5-4e7e-a0c8-edfd7782cd1c',	1,	NULL,	'5a6df5b8-6ba7-49ac-8ea5-673c418231f6',	'2024-05-08 13:39:59.549',	'2024-05-08 17:07:42.307',	'curl/7.81.0'),
('da1dad0d-1379-462a-9a85-12a29d475456',	1,	NULL,	'5a6df5b8-6ba7-49ac-8ea5-673c418231f6',	'2024-05-02 18:02:45.480',	'2024-05-08 17:07:42.307',	NULL),
('e99993e2-68ce-43b7-b110-c01910104591',	1,	NULL,	'5a6df5b8-6ba7-49ac-8ea5-673c418231f6',	'2024-05-03 13:46:20.779',	'2024-05-08 17:07:42.307',	'curl/7.81.0');

INSERT INTO `TRANSACTIONS` (`id`, `sender_id`, `recipient_id`, `amount`, `date`, `created_at`, `updated_at`, `ok`) VALUES
('0335e8e6-9e6d-4a2f-a321-1ab059fb7055',	414,	3859,	10,	'2024-05-02 18:02:26.698',	'2024-05-02 18:02:26.701',	'2024-05-02 18:02:26.701',	1),
('03f828df-eb09-4ea3-88ce-27e05deba87e',	414,	3859,	10,	'2024-05-07 19:41:19.033',	'2024-05-07 19:41:19.037',	'2024-05-07 19:41:19.037',	1),
('0542cc5b-baf2-471b-8709-8d30ae198150',	414,	3859,	10,	'2024-05-03 17:58:26.256',	'2024-05-03 17:58:26.258',	'2024-05-03 17:58:26.258',	1),
('0dd86dc5-587b-4d8a-ad05-6766e9ba5b4b',	3859,	414,	0.01,	'2024-04-20 16:39:11.684',	'2024-04-20 16:39:11.687',	'2024-04-20 16:39:11.687',	1),
('0f21c90a-9d25-4315-8560-68c28bfc648e',	3900,	414,	40,	'2024-05-03 13:47:22.089',	'2024-05-03 13:47:22.092',	'2024-05-03 13:47:22.092',	1),
('113d6137-666d-4675-b3b7-d87eb0e37d12',	3859,	414,	0.01,	'2024-05-02 18:02:32.851',	'2024-05-02 18:02:32.854',	'2024-05-02 18:02:32.854',	1),
('155aec39-fe9f-44a4-80d6-03dec23b1da7',	3900,	414,	0.1,	'2024-04-11 15:04:53.706',	'2024-04-11 15:04:53.709',	'2024-04-11 15:04:53.709',	1),
('20e0b3a3-c965-44d4-a49b-0c2ce8dd4626',	3859,	414,	0.01,	'2024-05-03 17:58:27.547',	'2024-05-03 17:58:27.550',	'2024-05-03 17:58:27.550',	1),
('26ede5a6-e8be-40c6-b1e7-2c451be9abab',	3900,	414,	10,	'2024-05-07 13:10:18.697',	'2024-05-07 13:10:18.700',	'2024-05-07 13:10:18.700',	1),
('2757205e-b08c-4b3b-a48c-add19b3b1988',	414,	3900,	50,	'2024-05-08 13:41:13.174',	'2024-05-08 13:41:13.177',	'2024-05-08 13:41:13.177',	1),
('3756a271-4cb7-4d91-8b6b-ff85a5a02576',	3859,	414,	0.01,	'2024-05-07 19:41:20.727',	'2024-05-07 19:41:20.731',	'2024-05-07 19:41:20.731',	1),
('37c3c03e-2be6-49b0-9751-c21fae09f2f8',	3900,	414,	0.1,	'2024-04-11 15:07:11.633',	'2024-04-11 15:07:11.636',	'2024-04-11 15:07:11.636',	1),
('3c41a956-f67a-4e4d-b010-4b14b95c3daa',	414,	3900,	50,	'2024-05-08 17:07:32.079',	'2024-05-08 17:07:32.082',	'2024-05-08 17:07:32.082',	1),
('453b6f22-f34b-46f7-aec5-7f9e767a40d8',	3900,	414,	0.1,	'2024-04-11 15:12:07.059',	'2024-04-11 15:12:07.062',	'2024-04-11 15:12:07.062',	1),
('4db3f2ae-c779-445b-b44a-cacaa8e5d432',	3859,	414,	0.01,	'2024-04-11 18:47:33.308',	'2024-04-11 18:47:33.311',	'2024-04-11 18:47:33.311',	1),
('53785453-a900-454e-abf7-eec6402f5b23',	3900,	414,	0.01,	'2024-04-11 14:54:14.805',	'2024-04-11 14:54:14.808',	'2024-04-11 14:54:14.808',	1),
('54bf05ef-35ce-4470-a63c-05075c2c24dc',	3900,	414,	0.1,	'2024-04-11 15:12:05.869',	'2024-04-11 15:12:05.872',	'2024-04-11 15:12:05.872',	1),
('60b907ad-8d58-435c-a802-9c5cd606381d',	414,	3859,	10,	'2024-05-03 18:00:03.833',	'2024-05-03 18:00:03.836',	'2024-05-03 18:00:03.836',	1),
('62686960-23f8-4802-872e-64bd1444a835',	414,	3900,	50,	'2024-05-08 13:41:28.591',	'2024-05-08 13:41:28.594',	'2024-05-08 13:41:28.594',	0),
('63165ae8-53ae-4a8b-8c6a-e1ffd32034b6',	3859,	414,	0.01,	'2024-05-02 19:32:17.995',	'2024-05-02 19:32:17.997',	'2024-05-02 19:32:17.997',	1),
('6a91845d-4587-4d5b-a63c-c5369c98bd6d',	414,	3900,	10,	'2024-05-07 13:08:38.225',	'2024-05-07 13:08:38.227',	'2024-05-07 13:08:38.227',	1),
('6b2ca5c2-5d5a-4138-a773-56b8816d8207',	414,	3859,	10,	'2024-04-12 15:09:30.681',	'2024-04-12 15:09:30.684',	'2024-04-12 15:09:30.684',	1),
('6bcb59df-23aa-4486-bcba-2220cd12c43e',	3900,	414,	10,	'2024-05-03 13:47:14.771',	'2024-05-03 13:47:14.774',	'2024-05-03 13:47:14.774',	1),
('6d937b54-841d-4b20-9ae6-9f10c5f0592f',	3900,	414,	10,	'2024-05-02 19:11:01.699',	'2024-05-02 19:11:01.702',	'2024-05-02 19:11:01.702',	1),
('72c61cda-a125-4f33-987d-a5867e32420c',	3859,	414,	0.01,	'2024-05-03 18:00:05.242',	'2024-05-03 18:00:05.246',	'2024-05-03 18:00:05.246',	1),
('77e7dbef-1129-4998-a411-2c4848a1fd71',	414,	3859,	10,	'2024-04-20 16:39:10.219',	'2024-04-20 16:39:10.222',	'2024-04-20 16:39:10.222',	1),
('7a389e25-2f32-497f-94ce-543a14ec7210',	414,	3900,	10,	'2024-04-12 14:38:36.103',	'2024-04-12 14:38:36.106',	'2024-04-12 14:38:36.106',	1),
('7b745704-0b1e-4d6a-b53c-92899ffe6c30',	3859,	414,	0.01,	'2024-04-12 16:44:59.668',	'2024-04-12 16:44:59.671',	'2024-04-12 16:44:59.671',	1),
('7d707296-79d6-42ac-81f5-842045b110f4',	414,	3900,	10,	'2024-05-08 13:42:09.169',	'2024-05-08 13:42:09.171',	'2024-05-08 13:42:09.171',	1),
('804f3b27-e42e-4873-8880-b359a898a823',	3900,	414,	0.1,	'2024-04-11 16:49:44.231',	'2024-04-11 16:49:44.234',	'2024-04-11 16:49:44.234',	1),
('884c3cf3-48f6-45e3-8c98-07a0b723bbf3',	414,	3900,	10,	'2024-05-06 20:01:13.989',	'2024-05-06 20:01:13.992',	'2024-05-06 20:01:13.992',	1),
('8a093476-f3be-44ab-8e95-9d4d4da896fa',	3900,	414,	0.1,	'2024-04-11 15:07:54.346',	'2024-04-11 15:07:54.349',	'2024-04-11 15:07:54.349',	1),
('8ce2c0fe-6661-44e2-9563-610bdb04286d',	3900,	414,	60,	'2024-05-08 13:47:02.884',	'2024-05-08 13:47:02.887',	'2024-05-08 13:47:02.887',	1),
('91821527-6542-4a91-820f-efb76fa22472',	3859,	414,	0.01,	'2024-05-02 19:40:13.834',	'2024-05-02 19:40:13.837',	'2024-05-02 19:40:13.837',	1),
('9a956513-7b4c-40d8-9edd-d6b877ae779b',	3859,	414,	0.01,	'2024-04-12 16:20:07.705',	'2024-04-12 16:20:07.708',	'2024-04-12 16:20:07.708',	1),
('9e270636-d0de-4a0a-9362-42de6a885833',	3859,	414,	0.1,	'2024-04-11 18:47:23.312',	'2024-04-11 18:47:23.314',	'2024-04-11 18:47:23.314',	0),
('a9052e3b-b84f-4eba-8b98-1cf861fc13c9',	3900,	414,	10,	'2024-04-12 14:42:57.945',	'2024-04-12 14:42:57.948',	'2024-04-12 14:42:57.948',	1),
('ab60c03c-8f17-4cff-85ff-9bf08a10b0c7',	414,	3859,	10,	'2024-05-02 18:17:27.172',	'2024-05-02 18:17:27.176',	'2024-05-02 18:17:27.176',	1),
('b45ebd23-1876-4366-8c1c-b92888d64ff4',	3859,	414,	0.01,	'2024-05-02 20:48:02.264',	'2024-05-02 20:48:02.267',	'2024-05-02 20:48:02.267',	1),
('bc964a5b-8f5b-45b7-8ca5-64c166aecd92',	414,	3900,	10,	'2024-05-02 19:09:06.171',	'2024-05-02 19:09:06.174',	'2024-05-02 19:09:06.174',	1),
('ccf44995-4add-4d40-96c4-5d8c962cffb4',	3900,	414,	0.1,	'2024-04-11 15:07:35.430',	'2024-04-11 15:07:35.433',	'2024-04-11 15:07:35.433',	1),
('d90d2749-8963-4a43-87fe-82ca353178f5',	3859,	414,	0.01,	'2024-05-08 17:07:37.212',	'2024-05-08 17:07:37.215',	'2024-05-08 17:07:37.215',	1),
('dc38e0cf-a7fd-40e9-984b-b5c9fd6fd741',	414,	3859,	10,	'2024-04-12 16:20:02.574',	'2024-04-12 16:20:02.577',	'2024-04-12 16:20:02.577',	1),
('e01b11ed-e6a8-48b1-8554-62754f4842ba',	3859,	414,	0.01,	'2024-05-02 18:17:35.855',	'2024-05-02 18:17:35.858',	'2024-05-02 18:17:35.858',	1),
('e4cfe372-08cd-44c7-baea-0cb1dded647e',	414,	3859,	10,	'2024-04-12 16:44:57.925',	'2024-04-12 16:44:57.929',	'2024-04-12 16:44:57.929',	1),
('ea34a2a9-e0f9-44ca-89c9-03cddec2852a',	414,	3900,	50,	'2024-05-03 13:46:25.979',	'2024-05-03 13:46:25.982',	'2024-05-03 13:46:25.982',	1),
('f38f930e-7d50-4837-aba4-d4781451d383',	414,	3859,	10,	'2024-05-08 17:07:35.626',	'2024-05-08 17:07:35.629',	'2024-05-08 17:07:35.629',	1),
('f54708ab-ed34-4730-9c37-93c77811c5ec',	3859,	414,	0.01,	'2024-04-12 15:09:31.999',	'2024-04-12 15:09:32.001',	'2024-04-12 15:09:32.001',	1),
('f58f2a97-156e-497a-a335-3dcbe7ccaec4',	3900,	414,	10,	'2024-05-06 20:04:25.320',	'2024-05-06 20:04:25.323',	'2024-05-06 20:04:25.323',	1),
('f8b0266f-0b89-437d-b0fc-c7e12e2cfb32',	3900,	414,	20,	'2024-05-02 19:10:52.514',	'2024-05-02 19:10:52.517',	'2024-05-02 19:10:52.517',	0);

INSERT INTO `USERS_ROOT` (`id`, `username`, `password`, `panel_id`, `access`, `refresh`, `json_response`, `dirty`, `created_at`, `updated_at`, `bankAccount`, `alq_api_manager`, `alq_token`, `bot_phone`, `human_phone`) VALUES
('2fd2469c-8190-413c-bb80-c500fed75c58',	'luquin',	'{\"ivArray\":[\"5\",\"244\",\"173\",\"7\",\"29\",\"101\",\"157\",\"203\",\"191\",\"209\",\"206\",\"141\",\"185\",\"248\",\"104\",\"231\"],\"ciphertext\":\"42196e6dace12b3555c2da1d7bcee958\"}',	414,	'eyJhbGciOiJIUzI1NiIsInR5cCI6IkpXVCJ9.eyJ0b2tlbl90eXBlIjoiYWNjZXNzIiwiZXhwIjoxNzE1MTg4NjYxLCJqdGkiOiI1MTFkZmY4ODBmMDE0ODQ4OWZjOTUyNmY0ODJkNDA4NCIsInVzZXJfaWQiOjQxNCwicmVmcmVzaF9zaGlmdCI6MTIwLCJ1dWlkIjoiOWRmOWE2ODA5MDU3NGM5ZTgxYjhlOTI0YWNmN2ZkMzUiLCJyb2xlIjoiUEEifQ.2UcIBp8Jy4ub_egvrVpyoXBiBcRm3mOpB3P-rlJo588',	'eyJhbGciOiJIUzI1NiIsInR5cCI6IkpXVCJ9.eyJ0b2tlbl90eXBlIjoicmVmcmVzaCIsImV4cCI6MTcxNTIzMTI2MSwianRpIjoiY2YxYjdjZTllZTg5NDM5MGI3YTQ2NWZhM2Y3YjIxY2UiLCJ1c2VyX2lkIjo0MTQsInJlZnJlc2hfc2hpZnQiOjEyMCwidXVpZCI6IjlkZjlhNjgwOTA1NzRjOWU4MWI4ZTkyNGFjZjdmZDM1Iiwicm9sZSI6IlBBIn0.vb7XHYpnXHvrhCvycys3-iKsq9xa6kwnS5qRWY50u-c',	'{\"id\":414,\"is_email_verified\":true,\"info\":{\"first_name\":\"lucas\",\"last_name\":\"lucas\",\"date_of_birth\":null,\"mobile_number\":\"\",\"country\":\"\",\"city\":\"\",\"street_address\":\"\",\"postal_code\":\"\",\"state\":null,\"screen_name\":\"lucas\"},\"bonus_balance\":\"0.00\",\"balance\":\"39.30\",\"role\":\"PA\",\"email\":\"luquin@gmail.com\",\"is_withdraw_allowed\":true,\"is_banned\":false,\"is_frozen\":false,\"access\":\"eyJhbGciOiJIUzI1NiIsInR5cCI6IkpXVCJ9.eyJ0b2tlbl90eXBlIjoiYWNjZXNzIiwiZXhwIjoxNzE1MTg4NjYxLCJqdGkiOiI1MTFkZmY4ODBmMDE0ODQ4OWZjOTUyNmY0ODJkNDA4NCIsInVzZXJfaWQiOjQxNCwicmVmcmVzaF9zaGlmdCI6MTIwLCJ1dWlkIjoiOWRmOWE2ODA5MDU3NGM5ZTgxYjhlOTI0YWNmN2ZkMzUiLCJyb2xlIjoiUEEifQ.2UcIBp8Jy4ub_egvrVpyoXBiBcRm3mOpB3P-rlJo588\",\"refresh\":\"eyJhbGciOiJIUzI1NiIsInR5cCI6IkpXVCJ9.eyJ0b2tlbl90eXBlIjoicmVmcmVzaCIsImV4cCI6MTcxNTIzMTI2MSwianRpIjoiY2YxYjdjZTllZTg5NDM5MGI3YTQ2NWZhM2Y3YjIxY2UiLCJ1c2VyX2lkIjo0MTQsInJlZnJlc2hfc2hpZnQiOjEyMCwidXVpZCI6IjlkZjlhNjgwOTA1NzRjOWU4MWI4ZTkyNGFjZjdmZDM1Iiwicm9sZSI6IlBBIn0.vb7XHYpnXHvrhCvycys3-iKsq9xa6kwnS5qRWY50u-c\",\"last_login\":\"2024-05-08T17:07:41.212882Z\",\"username\":\"luquin\",\"first_name\":\"\",\"last_name\":\"\",\"date_joined\":\"2023-11-15T16:52:59.768862Z\",\"balance_currency\":\"MXN\",\"bonus_balance_currency\":\"MXN\",\"is_self_registered\":false,\"language\":\"en-US\",\"needs_document_approve\":true,\"affise_data\":null,\"pap_data\":null,\"cpf_document\":null,\"parent\":3}',	0,	'2024-04-09 17:26:09.995',	'2024-05-08 17:15:11.549',	'{\"name\":\"Test name\",\"dni\":\"12345678\",\"bankName\":\"Test bank name\",\"accountNumber\":\"1234567890\",\"clabe\":\"12345678901234567890\",\"alias\":\"Test alias\"}',	'eyJ4NXQiOiJNell4TW1Ga09HWXdNV0kwWldObU5EY3hOR1l3WW1NNFpUQTNNV0kyTkRBelpHUXpOR00wWkdSbE5qSmtPREZrWkRSaU9URmtNV0ZoTXpVMlpHVmxOZyIsImtpZCI6Ik16WXhNbUZrT0dZd01XSTBaV05tTkRjeE5HWXdZbU00WlRBM01XSTJOREF6WkdRek5HTTBaR1JsTmpKa09ERmtaRFJpT1RGa01XRmhNelUyWkdWbE5nX1JTMjU2IiwiYWxnIjoiUlMyNTYifQ.eyJzdWIiOiJhZG1pbmlzdHJhY2lvbi5kZW1vbWF0aWMuY29tQGNhcmJvbi5zdXBlciIsImF1dCI6IkFQUExJQ0FUSU9OIiwiYXVkIjoiV3pONHFMc053Z1dScmN5cDJLVnRXUUtmb21ZYSIsIm5iZiI6MTcxNTE4ODA2MiwiYXpwIjoiV3pONHFMc053Z1dScmN5cDJLVnRXUUtmb21ZYSIsInNjb3BlIjoiYW1fYXBwbGljYXRpb25fc2NvcGUgZGVmYXVsdCIsImlzcyI6Imh0dHBzOlwvXC9lYzItMjMtMjMtMjMyLTIxMC5jb21wdXRlLTEuYW1hem9uYXdzLmNvbTo5NDQzXC9vYXV0aDJcL3Rva2VuIiwiZXhwIjoxNzE1MTg4NjYyLCJpYXQiOjE3MTUxODgwNjIsImp0aSI6IjBiOGY2MmEyLWQxNGEtNDQ5Yi1hNzk0LTg1NzllNjJkODg5YyJ9.esL5ixlBCIfhhjRbDAiMMzYGBc74j0jIg7-gozsAYm7r5L7Q2AzB2M3auErH24IxY0mUpGcHmheHmAF91soE0RD6acyFaTUlx9ar18B82ClHEz931lvzOkT0wxFUK0-rSc-MWMJIu-1ICIxedoKKbi5RBDWJ3ooGWGMnl1NR-ybdzsWWKWomdDmz24CO3KAc8srKF82RmUuixZXDfMwkzzHJrvbaWziw874X-XgPXu8pTcdZ8-FAGPjaRWKlb-E8KwwZENb2BJy_o3dSRSPhB7b6cWh7Uo_mleTGywtrTVuc8qlMC-4pkr_Y_5yOcpyc2KazWZvKDdOuJc4a2fS2tw',	'{\"token\":\"65e339f435437651a02cb72c829bdf2ace0a1008\",\"expires_at\":1715274463.879}',	'555555555555',	'44444444444');


INSERT INTO `_PlayerToRole` (`A`, `B`) VALUES
('a83db24d-13c5-46cc-aa3f-4041e68fea70',	'292a6d46-3967-442a-a62c-977f95fb48e8'),
('1c759b43-8059-436f-80be-5cdcb2d3d40b',	'a10bbcab-e8b3-41e2-b1b2-d88469fd1195'),
('49324acd-ec2b-4a05-9a1c-08f4957f5e67',	'a10bbcab-e8b3-41e2-b1b2-d88469fd1195'),
('5a6df5b8-6ba7-49ac-8ea5-673c418231f6',	'a10bbcab-e8b3-41e2-b1b2-d88469fd1195'),
('7b650640-d90b-46cb-b65d-8af64790a50c',	'a10bbcab-e8b3-41e2-b1b2-d88469fd1195'),
('e95f711a-b650-4fe2-a260-8fb7f59931ea',	'a10bbcab-e8b3-41e2-b1b2-d88469fd1195');

-- 2024-05-08 18:17:53
